distance_km,time_of_day,day_of_week,is_peak_hour,is_cologne_bottleneck,delay_minutes,source
62.64389892931378,7,3,0,0,0.5,synthetic
68.86762503915874,1,6,1,0,5.7,synthetic
53.796510849725706,4,5,0,0,2.9,synthetic
33.254333323172474,22,0,0,0,1.9,synthetic
14.250528636292806,11,3,0,0,7.1,synthetic
20.693294158899768,11,6,0,0,3.1,synthetic
22.464733399156774,7,6,0,0,2.9,synthetic
50.80985701934602,0,6,0,0,2.2,synthetic
29.366733254770992,13,0,0,0,1.9,synthetic
90.75951677799966,17,2,0,0,0.2,synthetic
12.770752212481694,23,3,0,0,4.9,synthetic
26.815182181997354,12,2,0,0,3.1,synthetic
46.233597998843585,18,0,0,0,3.8,synthetic
71.6610435941072,16,6,0,0,0.4,synthetic
33.93833241969612,1,1,0,0,1.3,synthetic
62.638313458027696,5,6,1,0,4.9,synthetic
41.93671156232649,13,2,1,0,2.2,synthetic
76.5721916402182,12,2,0,0,2.4,synthetic
39.32669413952688,14,5,0,0,0.8,synthetic
34.85960582798505,5,3,0,0,1.1,synthetic
21.16055091555959,22,3,0,0,0.1,synthetic
21.183084797895336,10,3,0,0,2.7,synthetic
82.01747440830283,22,2,0,0,0.5,synthetic
16.779383564434482,18,6,1,0,3.0,synthetic
67.82767657890602,11,3,0,0,2.0,synthetic
29.225155310888226,2,4,0,0,1.6,synthetic
29.209341412828042,19,3,0,0,0.8,synthetic
91.70581267374813,19,0,0,0,3.1,synthetic
16.208893798512136,6,5,0,0,1.8,synthetic
83.39474421836766,23,5,0,0,4.4,synthetic
31.933202205569682,23,5,1,0,1.4,synthetic
60.20297382856209,7,4,0,0,1.2,synthetic
24.990412679319206,7,3,0,0,2.2,synthetic
80.74189146174318,18,4,1,0,4.9,synthetic
35.41385951862661,13,2,0,0,0.0,synthetic
24.339398295609087,5,3,0,1,1.8,synthetic
69.92078219701726,2,5,0,0,0.7,synthetic
90.43670870551365,19,3,0,0,0.7,synthetic
64.75433591657065,6,6,0,0,2.0,synthetic
30.955028581024298,8,1,0,1,4.6,synthetic
33.282236388857754,14,0,0,0,1.9,synthetic
13.769616887845906,9,0,0,0,1.5,synthetic
72.24482428326952,4,2,1,0,2.7,synthetic
72.24879356029248,20,0,0,0,4.0,synthetic
27.580672041671043,4,2,0,1,9.7,synthetic
72.9002812671086,4,1,0,1,0.9,synthetic
20.947009784859766,13,6,0,0,1.8,synthetic
96.69997257129593,10,1,0,0,5.9,synthetic
24.32924208046576,20,5,0,0,3.2,synthetic
47.086376060358575,7,1,0,0,6.7,synthetic
14.64346588866139,12,1,1,0,1.7,synthetic
52.916474888345206,18,6,0,0,13.3,synthetic
54.55825947332776,21,2,0,0,3.7,synthetic
28.960229989851893,18,3,1,0,0.5,synthetic
10.428198182791293,1,6,0,0,8.9,synthetic
98.54827603038467,7,6,0,0,0.1,synthetic
78.24295880806615,10,0,0,0,5.1,synthetic
38.173802206164396,14,4,0,0,0.8,synthetic
76.61177653221146,18,2,0,1,4.6,synthetic
71.60376786230955,16,2,0,0,3.1,synthetic
58.5331910416271,22,3,0,0,16.6,synthetic
49.28540623311299,1,3,0,0,7.0,synthetic
71.28527833503196,14,1,0,0,1.9,synthetic
43.52617496074208,8,3,1,0,7.1,synthetic
95.69987357254011,16,1,0,0,2.9,synthetic
66.45717771542502,11,6,0,0,2.1,synthetic
87.91395805987565,2,0,1,0,0.9,synthetic
51.6109904655122,16,4,0,1,0.0,synthetic
27.19854734339994,20,4,0,0,2.9,synthetic
53.49497530107218,13,0,1,0,2.0,synthetic
63.39202921447264,8,5,0,0,2.0,synthetic
54.30630714497126,2,1,0,0,5.5,synthetic
27.940171815969915,1,1,0,0,0.1,synthetic
83.60743694930464,21,2,0,0,4.7,synthetic
72.24988913017721,8,5,0,0,0.8,synthetic
85.56717549000619,3,1,0,0,0.6,synthetic
74.15940102446191,9,3,0,0,3.2,synthetic
83.79600731435107,14,0,0,0,0.0,synthetic
99.87508998288858,4,1,0,0,0.4,synthetic
89.84217019742646,14,1,1,0,9.0,synthetic
78.73301502337378,23,2,0,0,0.7,synthetic
39.61450781413468,18,4,1,0,7.5,synthetic
65.60252770519837,7,2,1,0,1.0,synthetic
13.531255947163274,16,0,0,0,3.5,synthetic
67.5461636736002,12,4,0,0,4.0,synthetic
59.71967433964443,6,5,0,0,0.0,synthetic
92.12095874219649,4,4,1,0,1.8,synthetic
71.58775385424902,13,4,0,0,2.5,synthetic
50.40009340372465,19,4,0,0,4.0,synthetic
60.55169735321714,3,2,0,0,12.9,synthetic
14.125589211042922,4,5,0,0,1.2,synthetic
88.99716422093508,15,5,0,0,3.3,synthetic
40.2914190537477,2,3,0,0,1.8,synthetic
63.67018825913355,3,1,0,0,0.6,synthetic
98.30436087475131,4,5,0,0,1.5,synthetic
55.44200708518238,8,5,0,1,7.8,synthetic
99.86463530562912,18,4,0,0,7.1,synthetic
71.61431891711604,9,0,0,0,4.4,synthetic
63.84453069271278,14,3,1,0,1.2,synthetic
41.32605883475219,6,3,0,0,4.0,synthetic
24.186412792252177,7,1,0,0,0.9,synthetic
50.79503236107997,0,1,1,0,1.9,synthetic
80.47547763898396,15,6,0,0,4.1,synthetic
51.085464683804936,12,1,0,0,2.2,synthetic
94.57629641024266,14,4,0,0,1.0,synthetic
65.75916463399055,14,3,0,0,9.6,synthetic
30.784540591684745,18,6,0,1,4.9,synthetic
51.06417602427482,2,5,1,0,5.2,synthetic
77.65672005986045,14,2,0,0,2.0,synthetic
60.14317044094454,11,1,0,0,6.1,synthetic
46.34212667243029,9,0,1,0,8.5,synthetic
46.03531841179206,17,2,0,0,5.5,synthetic
80.0185973097777,1,0,0,0,2.4,synthetic
85.00017864793367,4,1,0,0,1.8,synthetic
94.47194943312371,10,4,1,0,1.6,synthetic
44.705985909658146,16,3,0,0,8.0,synthetic
39.616429259524,20,0,1,0,1.3,synthetic
62.73520108215814,12,0,0,0,3.3,synthetic
29.007352762393335,8,2,0,0,0.1,synthetic
57.039052117797766,0,1,0,0,1.8,synthetic
74.12610211652611,9,6,0,0,2.6,synthetic
91.25064935294795,16,3,0,0,0.0,synthetic
86.20782735205628,20,3,0,0,0.9,synthetic
80.97482200632327,19,1,1,0,1.9,synthetic
81.8004762629508,18,1,0,0,4.4,synthetic
95.78296126924273,12,6,0,0,2.0,synthetic
77.1738964220821,1,1,1,0,3.4,synthetic
65.72830894151234,21,2,0,0,8.5,synthetic
85.67384520782949,6,5,0,0,0.4,synthetic
47.191402777575775,4,0,0,0,1.1,synthetic
62.887107646378674,3,0,1,1,3.6,synthetic
43.72970554512508,23,4,1,0,1.5,synthetic
76.15840714865257,20,6,0,0,7.2,synthetic
56.59398591480708,9,6,0,1,1.3,synthetic
41.54807719671808,6,4,0,0,7.5,synthetic
88.38091035467072,5,0,0,0,1.6,synthetic
99.25019310924176,21,1,0,0,2.3,synthetic
52.25926161125593,2,1,0,0,6.2,synthetic
49.2671471893965,12,0,0,0,0.5,synthetic
87.83131588275144,9,4,0,0,4.3,synthetic
12.95106177862997,16,5,0,1,0.3,synthetic
75.36818803073072,12,1,0,1,9.1,synthetic
46.133553506006194,10,5,0,0,2.3,synthetic
89.94226682355173,7,4,0,0,1.9,synthetic
35.800388291833,2,2,0,0,0.1,synthetic
67.65698098633975,19,5,0,0,1.0,synthetic
21.39468354828172,6,5,0,0,0.5,synthetic
22.293264704565104,21,5,0,0,2.8,synthetic
37.4123206650565,7,5,0,0,0.2,synthetic
61.562108835654705,10,0,0,0,7.3,synthetic
37.19865068941683,0,6,0,0,4.7,synthetic
19.928516967748195,14,5,0,0,0.9,synthetic
89.73382455958254,19,6,0,0,0.3,synthetic
72.51765446155119,20,4,0,0,5.0,synthetic
69.48837386932942,18,5,0,0,1.1,synthetic
85.67521656751501,21,0,0,0,4.7,synthetic
92.53037260450046,22,1,0,0,11.1,synthetic
36.24055514730002,1,6,1,0,5.9,synthetic
34.151011351846435,12,5,0,0,1.7,synthetic
74.99536090149513,22,4,0,0,2.5,synthetic
32.4990004630051,12,5,0,0,0.2,synthetic
37.368134284415234,21,1,0,0,6.1,synthetic
68.51111677787307,13,1,0,0,0.8,synthetic
73.31098626890696,13,3,1,0,0.3,synthetic
41.366727396364425,12,6,0,0,2.0,synthetic
43.56093550148731,19,6,0,0,0.2,synthetic
60.78066369159448,8,2,0,0,2.1,synthetic
92.7261728660943,15,2,0,0,6.2,synthetic
46.74913846919926,3,4,0,0,4.0,synthetic
20.98175542736471,3,3,0,1,9.9,synthetic
15.845941443128387,21,4,0,1,7.9,synthetic
26.455085354650944,3,3,0,0,6.8,synthetic
90.20316530247892,18,5,0,0,1.2,synthetic
16.1681741077719,0,6,0,0,3.5,synthetic
46.22917504960454,10,6,0,1,0.0,synthetic
44.50448474041225,15,5,0,0,0.5,synthetic
12.979472882239088,7,4,0,0,2.1,synthetic
47.63963199044357,15,5,0,0,6.3,synthetic
58.369401026414,21,1,0,0,2.5,synthetic
78.97179519144161,3,2,0,0,0.6,synthetic
63.62373541251386,20,4,0,1,2.2,synthetic
81.28183990795294,18,5,0,1,1.3,synthetic
23.898169625366275,21,0,0,0,0.1,synthetic
38.03744009135483,21,4,1,1,8.8,synthetic
27.62228232798593,7,0,1,0,3.9,synthetic
93.75325939322813,21,3,0,1,2.0,synthetic
71.57692695121875,2,0,0,0,8.9,synthetic
60.89125108965443,14,0,0,0,0.9,synthetic
91.90557646853719,6,1,1,0,3.3,synthetic
41.71134610049404,16,1,0,0,9.5,synthetic
24.163947696573594,0,1,0,0,0.0,synthetic
38.993637667522066,19,0,0,0,6.6,synthetic
20.487159035966354,5,5,0,0,1.8,synthetic
21.180127924364392,2,0,0,0,1.6,synthetic
93.54203791864349,7,6,1,0,1.4,synthetic
66.2036680050455,2,6,0,0,12.3,synthetic
48.01481669498907,18,4,0,0,2.3,synthetic
38.913127066015726,2,6,0,0,0.0,synthetic
66.43303865281877,20,2,0,0,5.3,synthetic
55.10204374439623,14,1,0,0,0.7,synthetic
16.120636241617987,6,2,0,0,0.8,synthetic
30.465829559306627,0,4,0,1,0.4,synthetic
50.91352229447027,17,4,0,0,1.9,synthetic
49.26895224276522,16,0,0,0,2.1,synthetic
17.264334611069067,22,0,1,0,0.9,synthetic
87.07573117483797,8,0,0,0,1.1,synthetic
29.187934762520477,12,0,0,0,2.1,synthetic
68.65847567230203,3,1,0,0,1.7,synthetic
17.58746103343815,3,1,0,0,1.2,synthetic
28.56641067999326,17,5,0,0,3.2,synthetic
25.990500449104033,12,6,0,0,2.1,synthetic
83.88798735698988,4,5,0,0,1.7,synthetic
57.348037070035566,19,3,0,0,0.6,synthetic
23.043810474601678,13,3,0,1,8.7,synthetic
94.66256305522887,15,4,0,0,13.5,synthetic
17.64153674776927,12,6,0,0,2.5,synthetic
97.50451381856819,9,0,0,0,0.2,synthetic
44.34082558168613,5,0,0,0,1.1,synthetic
35.03750533096553,20,3,0,0,1.5,synthetic
20.634819317688944,12,2,1,0,3.3,synthetic
78.88297297254341,10,5,0,0,3.0,synthetic
98.2715915992795,0,0,0,0,0.9,synthetic
56.274456991107606,6,4,0,0,16.7,synthetic
50.1360256148674,16,1,0,0,2.7,synthetic
63.875592833420235,3,2,1,0,5.0,synthetic
86.28354135129979,23,0,0,0,6.8,synthetic
54.568917634577254,10,1,1,0,1.8,synthetic
52.23346981129096,1,0,0,0,3.3,synthetic
84.62814416046496,23,5,0,0,4.4,synthetic
16.447415156139947,12,2,0,0,2.8,synthetic
33.953807377694716,6,1,0,0,1.3,synthetic
37.312143619325965,0,0,1,0,6.2,synthetic
63.54631295442808,21,3,0,1,3.8,synthetic
57.032722791199184,13,4,0,1,6.5,synthetic
54.56617409542735,4,1,0,0,1.5,synthetic
69.34693968129835,14,1,0,0,9.4,synthetic
72.51443749573184,12,6,0,0,4.8,synthetic
48.83440603135913,9,4,0,0,3.5,synthetic
16.244848863626977,3,6,0,0,1.8,synthetic
90.8412731083714,17,0,0,0,3.6,synthetic
21.10045551052334,5,4,0,0,3.4,synthetic
95.15026662614251,1,0,0,0,4.1,synthetic
56.68401556284958,8,2,0,0,1.8,synthetic
43.96718575641912,0,0,0,0,2.7,synthetic
47.81527291802318,18,1,0,0,7.1,synthetic
84.97880609348202,4,5,0,0,5.5,synthetic
78.74419421669538,11,4,0,0,1.6,synthetic
21.088573480891842,16,1,0,0,1.0,synthetic
81.3596462833457,17,5,0,0,7.7,synthetic
40.21881368972132,12,5,1,0,1.0,synthetic
53.22190807444278,19,2,0,0,0.5,synthetic
98.26025006099336,1,0,0,0,0.0,synthetic
83.11116647842141,1,3,0,0,2.1,synthetic
63.07840891230131,16,2,0,0,3.1,synthetic
43.41601953673166,11,1,0,0,5.3,synthetic
25.35626552946007,11,0,0,0,0.5,synthetic
82.20094514018463,7,5,1,0,10.1,synthetic
39.087238760157675,4,4,0,0,0.8,synthetic
55.77568408077609,0,0,0,0,11.6,synthetic
47.131803194515065,22,0,0,0,13.1,synthetic
69.44537548797553,1,1,0,0,1.0,synthetic
19.698651931331945,15,3,0,0,0.8,synthetic
25.467596440480033,6,3,1,0,1.6,synthetic
26.83042748152791,20,6,0,0,2.0,synthetic
10.857386057606021,16,4,0,0,5.4,synthetic
89.13510742548566,9,5,0,0,4.7,synthetic
70.66353382398734,22,1,0,0,0.8,synthetic
48.766986682908076,6,6,0,0,1.2,synthetic
69.8684665966319,1,5,0,0,0.4,synthetic
13.397469313538284,4,4,0,0,1.3,synthetic
61.980757869072754,4,6,0,0,2.3,synthetic
72.75009737453234,2,2,0,0,5.2,synthetic
36.108666214476216,4,3,0,0,3.4,synthetic
70.02611634554489,10,1,0,1,18.7,synthetic
65.59850369957333,8,4,1,1,4.0,synthetic
16.54506507787528,15,6,0,0,0.0,synthetic
30.401598047921173,12,1,0,0,0.0,synthetic
69.93705690719997,16,0,0,0,1.4,synthetic
50.67770743126669,11,5,0,0,2.1,synthetic
70.70710434268761,19,6,0,0,8.4,synthetic
43.58636654351841,5,4,0,0,0.5,synthetic
22.401002805557404,12,3,0,0,1.8,synthetic
61.54142204032469,3,6,0,0,5.0,synthetic
67.50270052823853,22,3,0,0,0.0,synthetic
89.57864680932244,20,6,1,1,8.5,synthetic
67.18285425201239,0,0,0,0,7.2,synthetic
16.715415234008983,7,0,0,0,0.3,synthetic
39.79248976394989,22,3,0,0,12.2,synthetic
37.0205464438489,6,1,1,0,23.3,synthetic
85.3756719899279,23,3,1,0,0.5,synthetic
16.871128970509034,9,1,0,0,0.7,synthetic
25.062560006047217,5,0,0,0,3.1,synthetic
27.424751387704017,0,4,0,0,4.5,synthetic
79.7072879917506,22,0,0,0,0.0,synthetic
21.24878092425305,15,1,0,1,8.9,synthetic
88.86629821661577,16,5,0,0,1.6,synthetic
85.52064757992238,2,3,0,0,5.8,synthetic
56.50168012076148,8,6,0,0,4.4,synthetic
72.56493090720997,0,6,1,0,9.1,synthetic
34.42866951304182,11,6,0,0,1.7,synthetic
59.87992817382184,13,2,1,0,8.0,synthetic
91.28937182797331,2,2,0,0,0.3,synthetic
89.59161216023207,17,0,1,0,6.5,synthetic
20.16009109362281,8,5,0,0,2.3,synthetic
12.42038196615855,15,5,1,0,2.8,synthetic
12.887706715176428,23,0,0,0,3.1,synthetic
96.71600753541564,21,1,1,0,2.3,synthetic
61.88512199697229,1,6,0,1,0.6,synthetic
90.32809845537804,0,2,0,1,3.5,synthetic
17.090888442799535,8,2,0,0,1.3,synthetic
26.91388387779705,5,4,1,0,0.1,synthetic
54.52116262173526,0,6,0,0,6.9,synthetic
44.084234956023764,4,4,1,0,4.7,synthetic
50.173744285843476,6,3,0,1,0.0,synthetic
50.906665901931966,23,6,1,0,0.7,synthetic
67.42928230694795,16,1,0,0,0.8,synthetic
14.552952773907624,14,3,0,0,2.8,synthetic
27.644104395475654,15,0,0,1,3.8,synthetic
60.97316886774054,3,5,0,0,0.3,synthetic
72.64135539872939,17,6,0,0,5.1,synthetic
51.63326126883847,22,0,0,0,2.2,synthetic
95.81680108386897,3,4,0,0,2.9,synthetic
39.64140067897553,18,5,0,0,1.9,synthetic
24.805924707546463,19,4,0,0,0.4,synthetic
84.22703852101883,8,6,0,0,10.5,synthetic
20.85553824196215,21,3,0,0,0.5,synthetic
52.82420619878964,17,3,1,0,2.9,synthetic
79.3963996650937,6,4,0,0,8.2,synthetic
58.194205208644085,1,1,0,0,2.9,synthetic
82.49160560217398,20,3,0,0,1.5,synthetic
60.49095377452694,6,6,1,0,1.8,synthetic
60.60065106972883,2,5,1,0,3.0,synthetic
49.508379479000325,10,4,0,0,9.4,synthetic
81.89580624494289,18,5,0,0,3.5,synthetic
78.92707391167848,21,3,0,0,8.7,synthetic
49.73925543133407,0,2,0,0,2.8,synthetic
77.10900006511528,6,6,0,0,3.3,synthetic
87.29492449640745,7,2,0,0,2.5,synthetic
21.178596729271995,6,0,0,0,2.3,synthetic
10.785031275761288,12,2,0,0,3.1,synthetic
68.44015326835958,8,3,0,0,1.3,synthetic
73.31714190565859,11,2,0,0,2.4,synthetic
67.67346032919426,6,4,0,0,1.4,synthetic
92.5883711246494,11,5,0,1,6.0,synthetic
40.04729505029597,10,6,0,1,5.3,synthetic
94.39025220052277,1,3,0,0,4.2,synthetic
90.85090255734207,17,6,0,0,1.5,synthetic
75.68608299293027,11,3,0,0,0.3,synthetic
63.9245268386849,4,0,0,0,4.9,synthetic
51.39881942240666,18,6,0,0,1.4,synthetic
38.69410520949486,6,3,0,0,1.3,synthetic
86.9592193476095,8,3,0,0,0.9,synthetic
74.4435600914437,23,0,0,0,1.1,synthetic
26.010264069480762,13,5,0,0,21.2,synthetic
26.889759298013015,21,1,0,0,0.9,synthetic
30.011287309166807,13,5,0,0,1.3,synthetic
60.32626538338495,3,4,0,0,1.0,synthetic
48.245374546516494,0,3,0,0,0.2,synthetic
33.167710736387704,4,3,0,0,3.7,synthetic
55.20354558631159,7,5,0,0,1.7,synthetic
31.070501490278488,9,0,0,0,1.4,synthetic
44.286995189441356,5,1,0,0,1.7,synthetic
75.13269298368921,1,3,1,0,11.6,synthetic
20.293852009018124,7,4,0,0,2.3,synthetic
95.29208711540947,4,3,0,0,3.6,synthetic
24.20663745657307,9,1,0,0,6.2,synthetic
50.679924032588616,8,4,0,0,17.7,synthetic
11.429787361324248,10,6,0,0,3.3,synthetic
99.82935699071359,1,5,1,0,15.7,synthetic
80.4970756943118,7,6,1,1,6.5,synthetic
24.96215162063917,16,3,0,0,1.1,synthetic
88.41244382372027,9,3,0,0,1.9,synthetic
45.1424549151285,12,1,1,0,0.9,synthetic
23.031121112647796,16,5,0,0,1.4,synthetic
51.18407244109545,21,1,0,0,1.3,synthetic
33.08622735446585,7,5,0,0,4.6,synthetic
78.54348923391099,2,1,0,0,1.3,synthetic
84.7896909948843,15,4,1,0,5.3,synthetic
84.40292864362205,20,0,1,0,18.1,synthetic
69.40096100031067,0,6,0,0,3.9,synthetic
44.22875315441385,0,6,0,0,3.8,synthetic
73.84201282013575,18,4,0,0,4.0,synthetic
21.348201147423218,22,1,0,0,2.0,synthetic
85.1861784897081,7,3,0,0,2.9,synthetic
69.01952691959033,16,4,0,1,5.1,synthetic
93.91198357010532,12,3,0,0,0.0,synthetic
50.607271560569956,6,2,0,0,0.7,synthetic
70.56015679601212,19,5,0,0,9.1,synthetic
20.032722433249706,21,1,0,0,3.4,synthetic
89.08967537686569,11,3,0,0,0.1,synthetic
33.30598788320291,19,6,1,1,7.9,synthetic
95.97494517674,21,6,0,1,3.3,synthetic
71.48350651648613,6,3,0,0,2.1,synthetic
74.3624243128569,3,1,0,0,1.2,synthetic
95.01657051118185,3,0,0,0,3.7,synthetic
26.103470461613874,23,4,0,0,0.5,synthetic
20.578126956366354,2,5,0,0,2.9,synthetic
48.80328117517454,16,1,1,0,2.8,synthetic
10.301173714845532,17,3,0,0,6.1,synthetic
49.91299492517409,0,2,0,0,6.8,synthetic
98.56626045332752,11,3,0,0,2.8,synthetic
88.184013936539,16,2,0,0,2.0,synthetic
77.3022171374296,2,1,0,0,1.0,synthetic
54.23777120592063,13,2,0,0,0.7,synthetic
86.90636851429515,5,0,0,0,0.7,synthetic
32.15096508574001,14,2,0,0,6.5,synthetic
97.95270059570448,12,4,0,1,3.5,synthetic
53.36004443893457,6,6,0,0,1.0,synthetic
77.51485278768962,13,2,0,0,6.3,synthetic
18.75847958355228,18,5,0,1,2.6,synthetic
83.55884007476672,21,0,0,0,2.2,synthetic
57.97701877921911,3,1,0,0,1.7,synthetic
63.66729158479969,14,6,0,0,0.9,synthetic
64.0958153561638,7,1,0,1,1.5,synthetic
47.88676228157345,12,5,1,0,3.6,synthetic
78.30629975186032,4,4,0,0,0.0,synthetic
46.602366976856615,22,1,0,0,1.5,synthetic
82.35614180506374,23,2,0,0,2.2,synthetic
40.59253875771161,0,1,0,0,4.0,synthetic
53.2023560240594,16,5,0,0,2.1,synthetic
79.31178696921857,1,4,0,0,0.1,synthetic
41.49038489290372,0,0,0,0,3.3,synthetic
19.958251158917932,9,0,0,0,2.4,synthetic
49.73156968386953,23,6,1,0,0.9,synthetic
86.09342241274236,17,3,0,0,2.2,synthetic
53.838341420331595,12,1,0,0,3.0,synthetic
21.070747115924235,15,2,0,0,1.4,synthetic
35.990724362624015,18,3,1,0,0.8,synthetic
96.61527863195414,11,5,0,0,5.6,synthetic
90.80945187840224,1,1,0,0,0.8,synthetic
52.33338182814651,2,1,0,0,3.1,synthetic
81.13541135962646,10,5,0,0,0.2,synthetic
34.933398526916264,7,0,0,0,1.2,synthetic
89.31879588407763,13,0,0,0,1.5,synthetic
37.06747647601263,20,5,0,0,1.8,synthetic
44.603589817484554,9,3,0,0,8.6,synthetic
15.788447196489248,10,1,0,0,9.1,synthetic
92.4140769116167,17,5,0,0,2.4,synthetic
24.604385184286738,4,5,0,0,0.9,synthetic
62.63802240262164,22,3,0,0,2.9,synthetic
34.596528894732,21,2,0,0,1.5,synthetic
22.55958201952329,18,2,1,0,9.8,synthetic
64.27524545258072,2,0,0,0,3.0,synthetic
59.01470863144434,7,6,0,0,0.1,synthetic
72.13073239055169,5,4,0,1,0.7,synthetic
27.639627081300077,3,1,0,0,1.2,synthetic
36.02937810615687,21,2,0,0,1.6,synthetic
82.60750217648396,7,1,0,0,4.7,synthetic
75.17895604013131,16,6,0,0,0.4,synthetic
68.74242231272476,9,2,1,0,9.0,synthetic
16.386342346058413,14,4,0,0,3.4,synthetic
40.68433438745113,20,6,0,0,4.8,synthetic
15.684271500051468,8,1,0,0,9.0,synthetic
89.11458807706046,12,0,0,0,1.1,synthetic
22.59995913208535,14,0,1,0,1.4,synthetic
21.14317139587262,3,0,0,0,1.5,synthetic
65.73725800374763,11,5,0,0,1.2,synthetic
34.76417691577292,12,1,1,0,1.9,synthetic
14.952957309253106,7,4,0,1,0.3,synthetic
35.4146381046316,1,2,0,0,3.4,synthetic
55.424870829696374,8,3,0,0,1.0,synthetic
36.74174594685802,6,4,0,0,0.2,synthetic
64.0037931741733,0,6,0,0,6.9,synthetic
98.56302084086006,15,5,0,0,0.8,synthetic
98.48201593228995,13,5,0,0,11.9,synthetic
98.11954999363007,7,5,0,0,3.2,synthetic
64.39567648518582,16,5,0,0,6.5,synthetic
80.94643929278921,17,6,0,0,1.2,synthetic
72.15098275257955,14,3,0,0,1.1,synthetic
11.118158372564213,23,2,0,0,3.1,synthetic
48.919859701715254,5,4,0,0,1.4,synthetic
14.978345634175888,1,3,1,0,2.8,synthetic
83.51455740625292,13,4,0,1,0.4,synthetic
64.41580030659158,23,2,0,1,12.0,synthetic
96.25588046918854,15,4,0,0,7.7,synthetic
86.35663951501931,5,4,0,0,5.9,synthetic
13.869327265699207,15,0,0,0,2.8,synthetic
35.53534038093471,11,5,0,0,12.6,synthetic
34.58600941838386,13,0,0,1,9.1,synthetic
17.02425597777244,22,0,0,0,5.0,synthetic
64.64571251397959,0,5,0,0,3.6,synthetic
81.97891848479406,11,4,0,0,0.8,synthetic
68.68533212106806,14,5,0,0,4.1,synthetic
43.71972038420923,1,0,0,0,10.8,synthetic
68.40738358008232,18,0,0,0,4.8,synthetic
82.52633968864585,4,4,0,0,0.1,synthetic
79.87089614672675,13,2,0,0,3.8,synthetic
45.58178621947415,17,2,0,0,7.0,synthetic
15.813125400315384,8,4,0,0,0.0,synthetic
86.65439469536877,11,4,0,0,2.5,synthetic
85.13909053905223,4,3,0,0,0.0,synthetic
71.1868754998104,1,5,0,0,4.8,synthetic
70.99814942205107,0,2,0,0,0.7,synthetic
18.40354620764105,22,0,0,0,4.7,synthetic
87.11091372467064,14,0,0,0,1.9,synthetic
69.11380614897013,18,4,0,0,0.3,synthetic
71.88753817959231,9,3,1,0,4.6,synthetic
15.616127414432066,23,5,0,0,0.1,synthetic
49.39001082402899,17,3,0,0,0.0,synthetic
17.849231950439528,12,1,0,0,0.4,synthetic
18.307801166638917,11,0,1,1,1.6,synthetic
24.712233127628238,10,4,0,0,3.4,synthetic
58.106822083345705,8,2,0,0,0.6,synthetic
84.41757293118427,1,1,0,0,0.8,synthetic
63.86642917743423,1,6,0,0,3.7,synthetic
45.89849814861713,16,0,0,0,2.5,synthetic
40.79020836999214,5,6,0,0,3.6,synthetic
75.9859803693483,20,6,0,0,3.5,synthetic
86.21384965783653,20,3,0,0,1.2,synthetic
90.14905413649744,23,0,0,0,1.5,synthetic
52.71031013941097,6,0,0,0,1.2,synthetic
12.447743717596872,13,4,1,0,1.0,synthetic
80.19348144732962,23,1,1,0,2.1,synthetic
36.25058855238386,14,3,1,0,0.7,synthetic
34.13378983725804,23,2,0,0,3.9,synthetic
98.8946945794991,22,6,0,0,0.4,synthetic
43.30379871451891,23,0,0,0,7.3,synthetic
53.59039345271356,20,3,0,0,0.9,synthetic
92.20346597852915,7,2,0,0,12.6,synthetic
33.92040982560087,12,0,0,0,4.0,synthetic
19.954283572498994,19,3,0,0,0.1,synthetic
39.064667613455185,11,3,0,0,2.4,synthetic
18.636573250983954,18,5,0,0,2.5,synthetic
18.19786391407323,16,4,0,0,6.8,synthetic
23.08533212174202,20,3,0,1,0.8,synthetic
82.54659912896787,22,6,0,0,8.9,synthetic
16.30611813319249,13,5,0,0,1.1,synthetic
33.982637125849116,23,0,0,0,2.8,synthetic
67.46799174290382,1,0,0,0,0.9,synthetic
79.2714885055295,3,2,0,0,0.8,synthetic
20.831692616962165,0,5,0,0,3.9,synthetic
52.30256214504716,13,6,0,0,4.7,synthetic
17.227479419232296,12,2,0,0,10.1,synthetic
23.37914559105303,6,3,0,0,1.4,synthetic
55.64501465709077,20,1,0,0,5.0,synthetic
81.58667061416537,16,4,0,0,12.1,synthetic
66.73445804958497,20,2,0,0,8.8,synthetic
20.827635987570584,15,0,0,0,1.4,synthetic
19.471849957940126,23,3,0,0,7.2,synthetic
99.81244129254456,0,5,0,0,6.9,synthetic
69.1451245492074,17,3,0,0,5.4,synthetic
78.35820623140971,2,4,0,0,2.0,synthetic
20.257625619545117,13,0,0,0,0.4,synthetic
20.077675510859237,21,1,0,1,8.9,synthetic
98.35013215612106,2,3,0,0,4.2,synthetic
68.19381276543615,7,1,0,0,1.3,synthetic
63.66126884923058,5,6,0,0,9.5,synthetic
82.42850897873174,9,0,0,0,1.3,synthetic
51.41354331445359,2,1,0,0,2.0,synthetic
74.8625202687979,21,5,0,0,1.8,synthetic
19.834832112944802,7,2,1,0,5.9,synthetic
62.2088974224101,7,0,0,0,5.0,synthetic
30.412001281974895,1,2,0,0,0.8,synthetic
40.13423133314777,15,1,0,0,3.5,synthetic
19.95897960492345,11,6,0,0,1.5,synthetic
53.546538243400335,9,2,0,0,5.0,synthetic
48.14415784640048,6,2,0,0,0.1,synthetic
68.4593032726282,22,1,0,0,1.7,synthetic
81.15090336176875,5,3,0,0,8.2,synthetic
28.00907304470182,9,4,0,0,3.9,synthetic
69.99790530491404,13,3,0,0,1.7,synthetic
13.753827274755636,15,0,0,0,3.3,synthetic
56.87298922130488,1,6,0,0,3.2,synthetic
40.4034674010224,23,5,0,0,2.7,synthetic
37.339102906705364,11,4,0,0,6.0,synthetic
34.117699512788214,16,0,0,1,4.7,synthetic
75.26564707416482,20,6,1,0,5.4,synthetic
75.45784470287039,3,6,0,0,0.9,synthetic
62.099467413601914,23,1,0,0,0.0,synthetic
76.36190412196956,0,4,1,1,0.4,synthetic
11.920877729247762,18,0,0,0,7.0,synthetic
56.536648381272485,20,0,0,0,6.5,synthetic
66.01136105364643,2,3,0,0,2.2,synthetic
38.225005848415094,6,6,0,0,0.9,synthetic
45.682493763637495,19,0,0,0,13.4,synthetic
37.64643286190517,23,0,0,0,2.9,synthetic
27.01350284248965,5,0,0,0,3.5,synthetic
37.053989483219866,13,1,0,0,2.9,synthetic
99.4910464686132,22,0,1,0,0.4,synthetic
56.111734979297715,12,0,1,1,17.0,synthetic
23.409798702247713,8,1,0,0,3.0,synthetic
93.40592218307037,18,1,0,0,1.7,synthetic
22.12673071349018,18,5,1,0,6.5,synthetic
86.39930639422893,20,3,0,0,6.6,synthetic
62.11847345674087,4,2,0,0,4.2,synthetic
22.34385023629108,10,5,0,1,27.4,synthetic
35.470133869031926,16,0,0,0,1.5,synthetic
24.734119442476853,15,2,0,0,4.0,synthetic
52.68994422242107,20,2,0,0,1.2,synthetic
96.54747141137291,21,3,1,0,1.7,synthetic
73.31597157065367,1,0,1,0,6.5,synthetic
99.34343873712635,4,0,0,0,8.1,synthetic
40.46101938365102,19,2,0,0,5.8,synthetic
35.52984485234799,11,4,0,0,4.2,synthetic
72.67179449930696,23,2,0,0,3.1,synthetic
19.70132790711862,11,1,0,0,4.3,synthetic
13.59477549041249,7,2,1,0,3.0,synthetic
51.920382238593206,21,4,0,0,3.0,synthetic
82.3038060887145,20,4,1,0,4.4,synthetic
83.0528904619584,16,2,0,0,5.7,synthetic
10.978099831930784,10,6,0,0,1.6,synthetic
82.56487350542878,22,5,0,0,2.4,synthetic
87.03177863484841,17,4,0,1,3.0,synthetic
39.68126825140505,2,4,0,0,0.0,synthetic
37.860428667297725,20,2,1,0,0.9,synthetic
57.70282603724747,1,5,0,1,7.5,synthetic
11.541941511242833,11,0,0,0,1.9,synthetic
34.347941409986326,12,3,0,0,2.4,synthetic
62.25022507580281,4,6,0,0,2.4,synthetic
22.342487477656242,3,2,0,0,3.3,synthetic
16.247279707954185,11,0,0,0,6.8,synthetic
26.007188757445284,17,2,0,0,1.5,synthetic
40.685351494127985,18,0,0,0,1.5,synthetic
67.68533368913779,16,1,0,0,0.8,synthetic
73.87628898454363,6,1,0,0,4.3,synthetic
39.09250515792831,4,4,0,1,7.7,synthetic
90.66278768815219,18,0,0,0,5.3,synthetic
93.4538775241384,23,3,0,0,2.3,synthetic
33.29413054912193,22,1,1,1,25.1,synthetic
87.29628848583937,20,4,0,0,0.0,synthetic
38.329943626213826,2,0,1,0,2.5,synthetic
81.38987864851683,21,6,0,1,6.6,synthetic
51.946752547914,21,4,0,0,10.4,synthetic
25.46800763548633,5,6,0,0,0.8,synthetic
95.59604261772506,11,3,0,0,2.2,synthetic
77.98851313614023,18,3,1,0,1.0,synthetic
83.88001925198054,6,6,1,0,0.3,synthetic
37.23438623723099,10,4,0,0,1.2,synthetic
92.65230511852342,12,4,0,0,3.6,synthetic
42.70931925880289,11,0,0,0,0.6,synthetic
80.45257211366203,15,0,1,0,5.4,synthetic
85.95723326708502,13,5,0,0,2.4,synthetic
42.57878452022564,11,6,0,0,6.8,synthetic
89.36546611296028,23,1,0,0,1.7,synthetic
14.372311878348311,17,4,0,0,0.7,synthetic
93.22978412241804,6,3,1,0,9.3,synthetic
60.26469094333536,1,2,0,1,4.3,synthetic
46.239518670916986,18,6,0,0,4.7,synthetic
12.914577121168021,0,2,0,0,2.1,synthetic
61.05577217720179,22,3,1,0,2.8,synthetic
87.34275753485706,13,2,0,0,1.5,synthetic
87.59267770950584,6,3,0,0,1.7,synthetic
18.170997018599138,2,4,1,0,6.1,synthetic
49.435607999200826,4,4,0,0,5.7,synthetic
92.37646266152231,13,2,0,0,1.0,synthetic
58.77281730638642,4,1,0,1,9.3,synthetic
34.314876488341966,21,3,0,0,2.3,synthetic
14.008720349511108,20,0,0,0,0.7,synthetic
32.34946056886938,14,2,0,0,0.5,synthetic
66.28464361668172,21,4,0,0,0.0,synthetic
89.60204860756674,8,2,1,0,9.3,synthetic
65.70882281421444,15,5,0,0,0.7,synthetic
93.56901344360301,21,5,0,1,0.2,synthetic
50.79876641122259,5,5,0,0,0.8,synthetic
14.826923124522263,20,4,0,0,0.8,synthetic
87.7472739704611,7,4,0,0,2.2,synthetic
70.73977669496264,18,4,0,0,2.5,synthetic
71.5413334812332,16,2,1,0,10.3,synthetic
68.27102728397678,2,5,0,0,2.0,synthetic
61.995511059560954,23,6,1,0,2.2,synthetic
31.135443646939464,22,2,1,0,0.6,synthetic
21.854039457041395,13,1,0,0,0.0,synthetic
40.91452985705237,1,6,1,1,4.0,synthetic
33.377668552041726,5,0,0,0,2.2,synthetic
51.85383573096577,23,3,0,0,2.7,synthetic
64.37693534454112,17,0,0,0,6.0,synthetic
29.589723403875936,0,5,0,0,0.9,synthetic
40.578557830372816,17,4,0,0,8.4,synthetic
25.538273678755992,9,1,0,0,2.5,synthetic
39.151060659829184,11,2,0,0,4.0,synthetic
86.84203944425778,5,0,1,0,0.3,synthetic
18.53353290505601,4,4,0,0,1.5,synthetic
80.91900158562517,20,4,0,0,2.3,synthetic
90.97074511194468,20,3,0,0,2.8,synthetic
77.93359536854348,23,6,0,0,4.1,synthetic
47.645625131912055,14,5,0,0,3.2,synthetic
99.73504880818223,9,4,0,0,0.1,synthetic
25.062467521547198,8,5,0,0,4.4,synthetic
16.178907604342456,16,2,0,0,7.7,synthetic
65.24871751776037,10,1,0,0,2.0,synthetic
82.52164466448488,8,3,0,0,5.8,synthetic
75.04655945415425,10,4,0,0,0.1,synthetic
86.83090642778986,15,4,0,0,2.2,synthetic
41.176328437093844,12,2,1,0,0.0,synthetic
91.93467517964945,22,3,1,0,2.5,synthetic
60.57970673271264,18,6,0,0,0.4,synthetic
19.89781332941082,13,3,0,0,1.1,synthetic
61.2120328672273,23,3,0,0,1.6,synthetic
57.549821578074194,19,0,0,0,3.2,synthetic
72.76462670585983,17,2,0,0,2.4,synthetic
41.117468637967875,11,5,1,0,4.9,synthetic
35.19511180005987,23,3,0,0,0.1,synthetic
48.759072034729584,16,4,0,0,2.7,synthetic
91.05955757662525,19,4,0,0,3.5,synthetic
93.84147040176319,23,4,0,1,3.0,synthetic
67.67800801064753,9,4,0,0,12.4,synthetic
41.22681772761828,1,2,0,0,2.9,synthetic
84.50897673116481,1,6,1,0,3.1,synthetic
90.0488489612756,21,1,0,0,0.8,synthetic
41.02843200535711,18,6,0,0,2.3,synthetic
45.53703729646943,4,2,1,0,16.2,synthetic
36.81739393686418,13,3,1,0,5.3,synthetic
35.49774444869141,12,3,0,0,0.3,synthetic
49.09927819873313,3,3,0,0,0.3,synthetic
18.599916505157086,1,0,0,0,0.9,synthetic
16.171056888371744,18,3,0,0,0.0,synthetic
31.80964439511221,20,2,1,0,3.0,synthetic
90.14026863808033,11,5,1,0,0.1,synthetic
72.7212801056533,20,3,0,0,4.0,synthetic
73.79920298047193,9,4,0,0,1.5,synthetic
13.303661436661727,10,6,0,0,3.7,synthetic
20.004118023048985,3,6,0,1,0.4,synthetic
50.29830174043223,5,0,0,0,1.8,synthetic
23.276127504811583,21,6,0,0,2.2,synthetic
76.80452542230057,2,0,0,0,0.8,synthetic
73.23886497094688,8,3,0,0,1.9,synthetic
52.25269195483923,20,1,0,0,6.0,synthetic
33.54146407255807,17,3,0,0,2.8,synthetic
45.34397118165895,12,3,0,0,1.1,synthetic
78.56060833450228,1,1,0,0,9.6,synthetic
69.98077543217812,16,4,1,0,3.8,synthetic
55.070469626414486,21,2,0,0,1.0,synthetic
50.56753277056473,8,0,0,0,0.7,synthetic
26.75988000423398,21,5,0,0,4.6,synthetic
67.71889846258213,8,5,0,0,3.0,synthetic
74.83622698524124,14,5,0,0,1.7,synthetic
66.07490596420588,20,3,0,0,1.1,synthetic
71.82857161195109,11,2,1,0,4.6,synthetic
57.0201048352405,16,3,1,0,2.8,synthetic
83.98410279779198,0,5,0,0,1.2,synthetic
58.45911766803267,17,2,0,0,2.9,synthetic
44.430123939222355,7,5,0,0,0.6,synthetic
20.14209092545777,19,0,0,0,0.6,synthetic
75.45488862423042,21,6,0,1,0.4,synthetic
57.18409086212993,19,2,0,1,13.1,synthetic
22.202301411317656,13,4,0,0,2.3,synthetic
94.65955306565304,9,5,0,0,4.0,synthetic
15.631650861394569,23,0,0,0,0.1,synthetic
73.3916816545064,18,3,0,1,1.4,synthetic
66.35096473388492,17,6,0,0,0.4,synthetic
94.41340331382456,7,0,1,0,4.9,synthetic
63.193996995450426,1,6,0,0,1.0,synthetic
49.16416633490064,5,6,0,0,2.1,synthetic
40.47577500335062,9,0,0,0,2.2,synthetic
14.453829648576795,16,4,1,0,1.0,synthetic
35.155683114116826,8,2,0,0,3.2,synthetic
37.42569422759037,22,3,0,0,0.0,synthetic
15.110269431874555,20,0,0,0,0.6,synthetic
90.48189816887869,18,3,0,0,1.6,synthetic
10.537107104283782,17,6,0,1,0.3,synthetic
13.822737431797934,6,1,0,0,5.1,synthetic
88.45884199798687,0,1,0,1,1.0,synthetic
23.532732613776105,7,1,0,0,0.6,synthetic
71.79190969025916,21,2,1,0,6.9,synthetic
86.23516883510341,14,0,0,0,1.5,synthetic
65.49825917284107,20,5,0,0,1.0,synthetic
26.096858764286104,15,1,1,0,15.7,synthetic
38.927266771293326,8,6,0,0,1.0,synthetic
91.46600004246741,16,2,0,1,2.3,synthetic
65.55293212686684,19,6,0,0,3.3,synthetic
98.75153521194233,6,3,0,0,2.7,synthetic
20.93906834933595,5,4,0,0,1.3,synthetic
67.46464858156224,4,2,0,0,0.9,synthetic
97.72421629192829,1,1,1,0,0.6,synthetic
52.71601628220443,12,2,0,0,0.0,synthetic
38.36103069131088,19,1,0,0,6.9,synthetic
42.27714723273248,1,1,0,0,2.4,synthetic
98.89873192720677,18,0,0,0,0.7,synthetic
10.02821457977736,13,3,0,0,2.2,synthetic
90.96487822332884,11,1,0,0,1.9,synthetic
84.1234636992959,21,2,0,0,0.0,synthetic
75.50911522777938,17,3,0,1,10.8,synthetic
46.29290842042624,11,6,0,1,1.7,synthetic
85.7145174817474,17,4,0,1,10.3,synthetic
75.27050759198316,9,6,0,0,2.5,synthetic
20.73158929674255,7,1,0,1,11.6,synthetic
29.559601948648854,4,5,0,1,0.8,synthetic
84.57604272156534,2,1,0,0,2.5,synthetic
96.82260951999109,22,4,0,0,2.2,synthetic
27.266249391464655,23,3,0,0,0.0,synthetic
64.1932093523972,9,5,0,0,1.8,synthetic
41.55555982345412,12,1,0,0,0.0,synthetic
79.21792753311912,2,3,0,0,5.4,synthetic
70.06979198540003,13,4,1,0,11.6,synthetic
37.30437410118689,6,0,0,1,3.6,synthetic
61.918901367975195,17,5,0,0,3.2,synthetic
10.03203398364243,22,2,0,0,0.4,synthetic
17.285680125463394,2,6,0,0,0.6,synthetic
12.316612399202604,3,2,0,0,0.1,synthetic
12.063944571720906,2,0,0,0,3.9,synthetic
92.48022183372684,12,6,0,0,2.2,synthetic
67.25807798552177,1,3,0,1,13.9,synthetic
92.36195596927459,23,0,0,0,3.1,synthetic
60.090319612240705,6,5,0,0,2.3,synthetic
44.66522757270089,22,5,0,0,2.8,synthetic
35.00676499998342,16,4,1,0,5.3,synthetic
38.89555510310842,15,4,0,0,4.4,synthetic
92.77885054281822,18,4,0,0,0.4,synthetic
39.014067415495106,9,5,0,1,1.3,synthetic
63.848468897927624,21,5,0,0,3.6,synthetic
89.613608290654,6,2,1,0,3.2,synthetic
99.5881415106994,18,1,0,0,0.2,synthetic
45.30060369458256,19,4,0,0,1.8,synthetic
65.6507629381303,5,5,1,0,2.9,synthetic
66.35757780336829,9,1,0,0,1.0,synthetic
34.882001424747585,12,3,0,0,1.7,synthetic
93.9102102492858,15,2,0,0,0.6,synthetic
59.41502055258905,4,4,1,0,2.5,synthetic
60.00729373675642,16,2,0,0,4.3,synthetic
93.13551953327521,23,2,0,1,13.1,synthetic
51.39906126799412,18,2,1,0,0.0,synthetic
43.66715577426371,6,1,0,0,3.4,synthetic
77.11118675458616,23,3,0,0,1.6,synthetic
81.11888988824613,3,3,0,1,4.3,synthetic
96.08304488363801,18,3,0,0,5.6,synthetic
75.18825481904352,7,4,0,0,3.9,synthetic
22.04064477880398,14,1,0,0,1.6,synthetic
48.324909857327526,9,1,0,0,4.1,synthetic
69.50156792614132,2,2,0,0,0.8,synthetic
61.22448310283825,23,6,0,0,1.3,synthetic
41.2269021540918,14,1,0,0,6.5,synthetic
33.7988819078888,5,4,0,0,8.0,synthetic
86.24131473177306,11,1,0,0,3.8,synthetic
47.233440170263435,12,5,0,0,0.7,synthetic
97.1563562449517,11,1,0,0,3.5,synthetic
62.789378613921016,20,4,0,0,2.7,synthetic
65.13998280917806,21,0,1,0,2.6,synthetic
25.719423766398172,22,5,0,0,1.0,synthetic
18.303740173367824,9,3,0,0,1.4,synthetic
74.411194095813,6,6,0,0,3.0,synthetic
25.01173977297115,13,2,1,0,7.0,synthetic
57.32105263618845,21,5,1,0,9.0,synthetic
16.194331467042552,3,1,1,0,4.3,synthetic
12.278683100980146,3,4,0,0,0.1,synthetic
57.416558818361956,16,3,1,0,0.2,synthetic
96.4568380387746,12,4,0,0,7.5,synthetic
16.112062677601294,16,5,0,0,1.5,synthetic
96.65145298449323,10,3,0,0,7.8,synthetic
32.093747441685885,18,0,0,1,14.4,synthetic
77.11543062071686,13,1,0,0,0.7,synthetic
49.73310307296546,6,0,0,0,6.3,synthetic
50.653399039997524,11,3,0,0,0.8,synthetic
98.23311273258163,14,5,0,0,2.1,synthetic
91.17440891165342,13,3,0,1,3.6,synthetic
46.61738839877653,22,0,0,0,0.0,synthetic
86.24077366472467,3,4,1,0,8.7,synthetic
57.41182699751451,10,5,0,0,1.6,synthetic
82.8181801241384,21,1,0,0,2.1,synthetic
38.39082740482428,21,5,0,1,11.5,synthetic
38.12489819222064,9,6,0,0,1.7,synthetic
34.782339382002554,23,0,0,1,3.3,synthetic
94.89338886436724,2,3,0,0,1.9,synthetic
73.71232329305195,2,6,0,0,0.0,synthetic
36.17092323546865,15,5,0,0,3.0,synthetic
71.66885159302711,20,0,0,0,13.8,synthetic
88.18927448417179,20,4,0,0,3.6,synthetic
69.95821885324696,11,2,0,0,4.0,synthetic
60.28590855280697,14,0,0,0,8.9,synthetic
39.669784767079925,21,6,0,0,2.8,synthetic
24.59404557628567,2,6,0,1,0.8,synthetic
45.144446963934875,17,5,0,0,0.0,synthetic
65.4628290254913,0,5,0,0,3.4,synthetic
75.94048248539855,3,4,0,0,3.9,synthetic
35.751394455179245,2,0,0,0,2.2,synthetic
18.936283242437504,6,1,0,0,0.0,synthetic
95.68060451136667,3,1,0,0,1.7,synthetic
77.29332758675437,1,6,0,0,3.2,synthetic
50.40462391002556,23,4,0,1,3.5,synthetic
46.093920419991626,16,6,0,0,0.6,synthetic
44.45944089093925,16,0,0,0,0.0,synthetic
96.17831627110861,13,1,0,0,1.2,synthetic
24.229831233539493,12,0,0,0,0.0,synthetic
84.5959116872706,16,3,0,0,9.0,synthetic
67.49042354173281,23,4,0,0,5.2,synthetic
77.40795932341143,7,5,0,0,0.3,synthetic
61.2904584968402,1,3,1,0,6.0,synthetic
46.893230895032104,12,4,0,0,0.5,synthetic
50.61991814003074,12,1,0,0,3.4,synthetic
97.61880114169729,20,6,0,0,0.3,synthetic
99.81066168798534,3,6,0,0,10.2,synthetic
99.14901528660582,2,0,0,0,2.4,synthetic
85.18175771328885,14,4,0,0,0.3,synthetic
94.08545555128771,6,6,0,0,4.0,synthetic
98.79556809220611,0,2,0,0,0.7,synthetic
76.17368138844645,13,3,1,0,1.7,synthetic
70.75800197385495,8,0,0,0,1.0,synthetic
64.62906774490295,2,0,0,0,1.2,synthetic
34.51990810211715,21,1,0,0,0.3,synthetic
62.82468840209828,20,5,0,0,3.3,synthetic
86.69845336462555,4,4,0,1,1.2,synthetic
67.29204395682726,5,4,0,1,3.4,synthetic
74.05212697828995,21,1,1,0,3.1,synthetic
84.92491577655422,21,4,0,0,3.2,synthetic
41.72950449411543,22,5,0,0,2.7,synthetic
39.467048878336215,17,3,0,0,0.8,synthetic
40.364179606609426,10,5,0,0,14.6,synthetic
78.95770555667212,0,5,0,0,8.0,synthetic
28.766644261250566,6,2,0,0,0.1,synthetic
89.66577460974551,5,6,0,0,3.7,synthetic
59.55684344344343,9,5,0,0,0.0,synthetic
78.54519682892081,21,1,0,0,0.5,synthetic
19.52950199770956,19,1,0,0,2.6,synthetic
16.57818722776173,0,4,0,0,12.4,synthetic
72.53870137390103,10,2,1,0,2.0,synthetic
77.77863360870298,6,1,0,0,1.4,synthetic
54.31327347131008,0,0,0,0,3.0,synthetic
61.05297576980061,1,2,0,0,1.4,synthetic
94.4488144673696,2,2,0,0,0.8,synthetic
38.79068000285879,16,2,0,0,0.0,synthetic
47.96454364185468,3,2,0,0,1.7,synthetic
77.8314797710789,21,1,0,0,2.8,synthetic
17.885876884014948,14,0,0,0,1.4,synthetic
30.60195825744778,16,4,0,0,0.8,synthetic
71.56087024436445,8,4,0,0,0.2,synthetic
71.86346794524127,14,6,0,0,1.2,synthetic
99.3615671668413,18,6,0,0,1.1,synthetic
16.955505235422848,10,4,0,0,4.8,synthetic
57.80751469290916,9,1,0,0,1.8,synthetic
23.088881788768624,0,0,0,0,2.0,synthetic
95.2339074231211,21,2,0,0,1.2,synthetic
82.86157261820367,0,3,0,0,3.4,synthetic
55.09028488206016,8,2,0,0,2.4,synthetic
66.28657879922692,4,0,0,0,5.3,synthetic
13.647913720553621,21,2,0,0,3.7,synthetic
63.15584776852453,1,1,0,1,4.0,synthetic
63.40824090965708,21,1,0,1,2.9,synthetic
60.13722272504766,16,2,0,0,1.5,synthetic
60.82987765236558,10,0,0,0,0.0,synthetic
87.65056785447912,2,6,1,1,1.1,synthetic
11.532246852865134,8,4,0,0,1.4,synthetic
22.04916978568775,2,0,0,1,7.3,synthetic
11.46810019772616,15,3,0,0,1.4,synthetic
87.3894955300766,4,5,1,0,5.5,synthetic
58.83296859217514,0,4,1,0,3.4,synthetic
47.40740764669296,9,3,0,0,2.5,synthetic
79.14606226573683,8,0,0,0,4.0,synthetic
87.06176350313935,4,1,0,0,2.1,synthetic
69.34370183876163,14,1,0,0,7.5,synthetic
71.34034662854755,6,0,0,0,0.0,synthetic
74.92221346429383,21,5,0,0,0.0,synthetic
33.94587850103963,1,1,0,0,4.2,synthetic
18.788420853688976,9,2,0,0,2.1,synthetic
34.07543696549219,17,3,0,0,3.2,synthetic
31.214715186997523,22,4,0,0,7.1,synthetic
38.07573720769539,3,4,0,0,0.7,synthetic
47.910237042270126,13,1,0,0,1.5,synthetic
12.079507209520404,9,5,0,0,1.0,synthetic
22.218421140010364,23,1,0,0,1.2,synthetic
67.28227650362942,23,5,0,1,0.0,synthetic
77.88264740322953,6,5,0,0,1.7,synthetic
76.33751697633267,4,6,0,0,2.3,synthetic
76.62729875568357,7,4,0,0,3.6,synthetic
83.22236275664665,10,5,0,1,10.5,synthetic
90.70985900819039,12,3,0,0,1.3,synthetic
48.26709307496629,3,1,0,0,0.9,synthetic
47.51858135389113,5,3,0,0,0.5,synthetic
67.62554051307434,13,1,0,0,0.5,synthetic
31.857720981736076,21,4,0,0,4.4,synthetic
90.45856023243299,5,4,0,0,1.5,synthetic
30.867997730673803,17,1,0,0,0.3,synthetic
17.87265060315677,19,3,1,0,3.3,synthetic
58.131003102809515,9,3,0,0,11.6,synthetic
58.14914425444833,4,3,0,0,2.3,synthetic
46.36273733321384,5,2,0,0,0.7,synthetic
63.9832907824068,23,3,0,0,4.8,synthetic
13.3839040550898,5,0,0,0,1.4,synthetic
23.59999943998058,0,4,0,0,0.4,synthetic
36.237930776726294,22,3,0,0,0.3,synthetic
21.585538555649023,9,4,0,1,14.8,synthetic
39.32770992671088,16,5,0,0,1.7,synthetic
42.781210192266926,1,3,1,0,5.1,synthetic
53.976112304849195,4,2,0,0,6.1,synthetic
61.07799666842532,8,4,0,0,5.0,synthetic
92.25402554454625,6,6,0,1,2.8,synthetic
36.263016973028115,6,2,0,0,0.8,synthetic
39.499509890521736,4,3,0,0,0.8,synthetic
64.84854561725841,10,1,0,0,1.5,synthetic
64.03691118403898,21,3,0,1,7.8,synthetic
17.372688442231667,16,6,0,0,1.5,synthetic
32.70121775042093,18,6,0,0,2.3,synthetic
20.78178776142073,4,4,0,0,4.7,synthetic
95.9363665752363,23,0,0,0,5.2,synthetic
99.48204178550088,11,0,0,0,10.9,synthetic
97.49180415679162,22,5,0,0,2.7,synthetic
63.691423156266616,9,6,0,0,8.9,synthetic
75.14355359652863,8,5,0,0,0.0,synthetic
51.476391506131776,23,3,0,0,1.9,synthetic
91.27762030365646,3,3,0,0,0.0,synthetic
81.10508076857582,8,1,0,0,6.9,synthetic
62.29376788654124,21,3,0,0,1.0,synthetic
72.79582259080158,23,4,0,0,0.1,synthetic
91.27694772309245,7,6,1,1,12.3,synthetic
59.606969185365045,18,1,0,0,9.1,synthetic
59.840143160151825,20,2,0,0,0.0,synthetic
82.97532289361125,15,5,1,0,0.4,synthetic
18.486033658691152,6,5,0,0,6.7,synthetic
15.519556921816369,1,2,0,1,0.5,synthetic
35.93729324076192,11,2,0,1,3.8,synthetic
47.3299632644253,23,1,0,1,7.1,synthetic
63.776671204258264,1,0,0,0,1.5,synthetic
